City,Lat,Lng,Max Temp,Humidity,Cloudiness,Wind Speed,Country,Date
kapaa,22.08,-159.32,73.0,79.0,46.0,8.55,US,1603212374.0
matale,7.47,80.62,72.07,86.0,10.0,4.54,LK,1603212375.0
hermanus,-34.42,19.23,60.01,71.0,0.0,1.99,ZA,1603212375.0
bluff,-46.6,168.33,43.0,88.0,92.0,12.77,NZ,1603212375.0
cape town,-33.93,18.42,62.6,51.0,2.0,17.22,ZA,1603212375.0
sechura,-5.56,-80.82,75.49,54.0,1.0,10.31,PE,1603212375.0
hilo,19.73,-155.09,69.8,64.0,1.0,6.93,US,1603212278.0
henties bay,-22.12,14.28,62.01,79.0,0.0,1.01,NA,1603212375.0
maine-soroa,13.21,12.02,95.05,11.0,0.0,13.0,NE,1603212376.0
qaanaaq,77.48,-69.36,22.55,84.0,0.0,8.28,GL,1603212376.0
havelock,34.88,-76.9,79.0,81.0,59.0,1.01,US,1603212376.0
saskylakh,71.92,114.08,21.27,97.0,87.0,6.4,RU,1603212376.0
denpasar,-8.65,115.22,80.6,88.0,20.0,6.93,ID,1603212376.0
saint anthony,45.02,-93.22,33.01,97.0,90.0,11.41,US,1603212277.0
trairi,-3.28,-39.27,86.34,55.0,51.0,18.66,BR,1603212376.0
teguise,29.06,-13.56,78.8,69.0,20.0,20.8,ES,1603212376.0
husavik,66.04,-17.34,37.4,59.0,57.0,3.36,IS,1603212368.0
scarborough,54.28,-0.4,59.0,83.0,78.0,3.0,GB,1603212376.0
necochea,-38.55,-58.74,64.99,42.0,62.0,4.0,AR,1603212377.0
deer lake,49.17,-57.43,57.2,93.0,90.0,2.24,CA,1603212377.0
capao da canoa,-29.75,-50.01,71.83,76.0,0.0,8.39,BR,1603212377.0
tuktoyaktuk,69.45,-133.04,23.0,85.0,90.0,18.34,CA,1603212377.0
mahebourg,-20.41,57.7,75.2,73.0,40.0,12.75,MU,1603212377.0
port elizabeth,-33.92,25.57,62.6,72.0,10.0,19.46,ZA,1603212377.0
victoria,22.29,114.16,75.0,69.0,23.0,1.01,HK,1603212078.0
hervey bay,-25.3,152.85,68.0,77.0,75.0,4.7,AU,1603212358.0
alberton,46.82,-64.07,61.18,82.0,92.0,19.37,CA,1603212377.0
busselton,-33.65,115.33,57.99,58.0,72.0,8.61,AU,1603212378.0
punta arenas,-53.15,-70.92,48.2,45.0,75.0,21.92,CL,1603212116.0
rikitea,-23.12,-134.97,73.35,78.0,3.0,13.04,PF,1603212378.0
georgetown,5.41,100.34,82.4,88.0,40.0,3.36,MY,1603212090.0
lodwar,3.12,35.6,91.6,31.0,76.0,10.42,KE,1603212378.0
neiafu,-18.65,-173.98,73.4,78.0,40.0,6.93,TO,1603212378.0
hobart,-42.88,147.33,53.6,81.0,90.0,5.82,AU,1603212303.0
albany,42.6,-73.97,62.01,75.0,100.0,1.45,US,1603212322.0
mackay,-21.15,149.2,73.4,83.0,40.0,6.93,AU,1603212378.0
kruisfontein,-34.0,24.73,62.01,71.0,0.0,5.01,ZA,1603212235.0
yellowknife,62.46,-114.35,26.01,85.0,75.0,3.36,CA,1603212302.0
hobyo,5.35,48.53,80.46,81.0,7.0,17.52,SO,1603212379.0
ilulissat,69.22,-51.1,39.2,80.0,75.0,12.75,GL,1603212379.0
butaritari,3.07,172.79,81.81,73.0,91.0,7.63,KI,1603212379.0
sur,22.57,59.53,75.92,61.0,0.0,4.85,OM,1603212124.0
shubarshi,48.59,57.19,48.94,76.0,0.0,18.52,KZ,1603212379.0
mahajanga,-15.72,46.32,82.4,69.0,20.0,9.17,MG,1603212379.0
kavieng,-2.57,150.8,81.0,79.0,77.0,10.16,PG,1603212379.0
ushuaia,-54.8,-68.3,44.6,56.0,40.0,23.04,AR,1603212379.0
fairbanks,64.84,-147.72,16.0,85.0,90.0,1.12,US,1603212380.0
snasa,64.25,12.38,33.8,80.0,20.0,19.46,NO,1603212385.0
atuona,-9.8,-139.03,77.23,73.0,9.0,20.22,PF,1603212385.0
kotelnich,58.31,48.35,34.99,88.0,89.0,8.39,RU,1603212385.0
bull savanna,17.89,-77.59,82.13,73.0,78.0,15.59,JM,1603212385.0
thompson,55.74,-97.86,26.6,73.0,90.0,2.24,CA,1603212302.0
lima,-12.04,-77.03,66.0,88.0,90.0,8.05,PE,1603212161.0
petropavlovsk-kamchatskiy,53.05,158.65,26.6,92.0,9.0,4.47,RU,1603212386.0
zaozerne,45.16,33.28,55.78,49.0,0.0,8.01,UA,1603212214.0
bandarbeyla,9.49,50.81,80.02,75.0,0.0,5.61,SO,1603212386.0
njombe,-9.33,34.77,62.92,73.0,71.0,7.07,TZ,1603212386.0
bethel,41.37,-73.41,66.99,88.0,90.0,4.23,US,1603212235.0
chuy,-33.7,-53.46,58.35,77.0,100.0,17.67,UY,1603212386.0
chokurdakh,70.63,147.92,13.77,97.0,91.0,2.01,RU,1603212243.0
djambala,-2.54,14.75,71.04,92.0,96.0,6.55,CG,1603212386.0
ola,59.58,151.28,28.17,85.0,34.0,7.36,RU,1603212387.0
kiruna,67.86,20.23,19.4,100.0,25.0,1.21,SE,1603212387.0
leningradskiy,69.38,178.42,32.25,91.0,86.0,10.38,RU,1603212387.0
aguas vermelhas,-15.75,-41.46,82.33,45.0,87.0,5.21,BR,1603212387.0
tuatapere,-46.13,167.68,43.0,88.0,48.0,4.94,NZ,1603212387.0
zhanaozen,43.3,52.8,50.79,73.0,9.0,14.85,KZ,1603212387.0
tautira,-17.73,-149.15,78.8,65.0,20.0,6.93,PF,1603212387.0
port alfred,-33.59,26.89,61.83,68.0,82.0,16.82,ZA,1603212387.0
vardo,70.37,31.11,37.4,73.0,40.0,18.34,NO,1603212388.0
aden,12.78,45.04,85.01,61.0,0.0,6.87,YE,1603212123.0
berdigestyakh,62.1,126.7,20.35,98.0,100.0,1.59,RU,1603212388.0
cairns,-16.92,145.77,71.6,88.0,23.0,1.12,AU,1603212106.0
blagoyevo,63.37,47.92,26.94,98.0,87.0,3.53,RU,1603212388.0
rio gallegos,-51.62,-69.22,51.8,34.0,75.0,16.11,AR,1603212388.0
ribeira grande,38.52,-28.7,64.4,63.0,40.0,11.41,PT,1603212388.0
chifeng,42.27,118.96,49.3,50.0,37.0,11.41,CN,1603212388.0
broome,42.25,-75.83,60.01,93.0,90.0,3.36,US,1603212389.0
luderitz,-26.65,15.16,74.52,30.0,0.0,33.82,NA,1603212389.0
klaksvik,62.23,-6.59,41.0,75.0,45.0,10.29,FO,1603212389.0
rockland,41.17,-74.05,66.99,94.0,98.0,4.21,US,1603212389.0
puerto ayora,-0.74,-90.35,77.0,73.0,75.0,9.17,EC,1603212389.0
abu samrah,35.3,37.18,69.31,39.0,0.0,4.94,SY,1603212389.0
sao filipe,14.9,-24.5,86.67,54.0,85.0,7.65,CV,1603212389.0
saldanha,-33.01,17.94,64.4,52.0,0.0,17.22,ZA,1603212389.0
vangaindrano,-23.35,47.6,70.97,88.0,0.0,7.49,MG,1603212390.0
portland,45.52,-122.68,54.0,81.0,75.0,2.46,US,1603211906.0
lebu,-37.62,-73.65,54.09,63.0,0.0,20.0,CL,1603212390.0
nova olimpia,-14.8,-57.29,105.46,25.0,90.0,1.68,BR,1603212390.0
barrow,71.29,-156.79,28.4,86.0,90.0,5.82,US,1603212390.0
acapulco,16.86,-99.89,84.2,70.0,5.0,4.7,MX,1603212390.0
narsaq,60.92,-46.05,35.6,93.0,75.0,1.12,GL,1603212390.0
akhmim,26.56,31.75,93.2,18.0,0.0,8.05,EG,1603212390.0
yeppoon,-23.13,150.73,75.2,69.0,90.0,8.05,AU,1603212390.0
hovd,48.01,91.64,29.12,81.0,71.0,0.54,MN,1603212396.0
adrar,20.5,-10.07,94.08,11.0,0.0,9.17,MR,1603212396.0
qandala,11.47,49.87,82.76,53.0,0.0,1.74,SO,1603212396.0
tasiilaq,65.61,-37.64,35.6,69.0,75.0,4.7,GL,1603212363.0
castro,-24.79,-50.01,81.16,48.0,46.0,0.76,BR,1603212396.0
torbay,47.67,-52.73,61.0,67.0,75.0,16.11,CA,1603212188.0
dikson,73.51,80.55,21.88,95.0,94.0,9.33,RU,1603212396.0
vaini,-21.2,-175.2,69.8,77.0,20.0,11.41,TO,1603212396.0
lompoc,34.64,-120.46,55.4,93.0,90.0,4.7,US,1603212396.0
mataura,-46.19,168.86,43.0,88.0,96.0,0.96,NZ,1603212397.0
khash,28.22,61.22,50.29,35.0,0.0,4.81,IR,1603212397.0
teya,60.38,92.63,26.76,97.0,85.0,3.4,RU,1603212397.0
kushiro,42.98,144.37,42.44,84.0,0.0,5.03,JP,1603212206.0
nacala,-14.54,40.67,76.98,78.0,0.0,4.92,MZ,1603212397.0
tilichiki,60.47,166.1,37.13,100.0,100.0,7.96,RU,1603212280.0
sinnamary,5.38,-52.95,87.64,58.0,44.0,13.82,GF,1603212397.0
mogok,22.92,96.5,65.19,94.0,97.0,2.64,MM,1603212397.0
noumea,-22.28,166.46,69.8,77.0,20.0,3.36,NC,1603212398.0
usinsk,65.99,57.53,23.61,97.0,96.0,4.23,RU,1603212398.0
buenos aires,-34.61,-58.38,60.01,76.0,90.0,19.46,AR,1603212123.0
sandwick,60.0,-1.25,48.2,87.0,75.0,27.51,GB,1603212398.0
ponta do sol,32.67,-17.1,75.2,47.0,20.0,12.75,PT,1603212343.0
arraial do cabo,-22.97,-42.03,82.4,65.0,6.0,23.04,BR,1603212112.0
mayo,38.89,-76.51,68.0,100.0,75.0,9.17,US,1603212304.0
namatanai,-3.67,152.43,79.14,78.0,81.0,1.52,PG,1603212398.0
chernyshevskiy,63.01,112.47,12.63,98.0,59.0,3.06,RU,1603212398.0
eureka,40.8,-124.16,51.8,100.0,40.0,4.52,US,1603212398.0
nikolskoye,59.7,30.79,37.0,80.0,75.0,6.71,RU,1603212398.0
basoko,1.24,23.62,75.04,84.0,83.0,0.78,CD,1603212399.0
mount pleasant,32.79,-79.86,80.01,83.0,40.0,3.36,US,1603212399.0
geraldton,-28.77,114.6,64.4,77.0,90.0,16.11,AU,1603212399.0
nara,34.69,135.8,57.99,77.0,0.0,3.29,JP,1603212127.0
bennettsville,34.62,-79.68,78.01,69.0,40.0,6.49,US,1603212399.0
inhambane,-23.86,35.38,75.72,79.0,0.0,15.08,MZ,1603212399.0
veraval,20.9,70.37,83.46,80.0,50.0,10.13,IN,1603212324.0
santa catarina de tepehuanes,25.35,-105.73,76.05,29.0,0.0,0.85,MX,1603212368.0
fort nelson,58.81,-122.7,14.0,85.0,90.0,3.36,CA,1603212399.0
agadez,19.75,10.25,83.95,14.0,0.0,3.8,NE,1603212399.0
aktau,43.65,51.2,53.6,71.0,12.0,11.18,KZ,1603212399.0
dalvik,65.97,-18.53,37.4,59.0,75.0,3.36,IS,1603212399.0
pangody,65.85,74.49,26.04,99.0,97.0,5.55,RU,1603212400.0
sitka,57.05,-135.33,39.2,93.0,20.0,5.82,US,1603212400.0
les cayes,18.2,-73.75,84.54,71.0,47.0,10.63,HT,1603212400.0
laguna,38.42,-121.42,71.01,63.0,1.0,2.71,US,1603212400.0
beringovskiy,63.05,179.32,41.22,88.0,99.0,13.89,RU,1603212400.0
norman wells,65.28,-126.83,17.6,92.0,75.0,9.17,CA,1603212400.0
porto novo,6.5,2.6,84.2,79.0,20.0,14.99,BJ,1603212405.0
port blair,11.67,92.75,81.5,84.0,28.0,12.44,IN,1603212391.0
new norfolk,-42.78,147.06,52.0,75.0,100.0,1.01,AU,1603212405.0
mopti,14.67,-4.0,101.08,10.0,0.0,7.67,ML,1603212405.0
kaitangata,-46.28,169.85,48.0,86.0,97.0,1.83,NZ,1603212406.0
nanortalik,60.14,-45.24,37.47,86.0,98.0,2.64,GL,1603212406.0
hat yai,7.01,100.48,78.8,100.0,75.0,0.72,TH,1603212406.0
upata,8.01,-62.4,93.0,57.0,24.0,3.0,VE,1603212406.0
clyde river,70.47,-68.59,32.0,88.0,1.0,26.4,CA,1603212406.0
helmbrechts,50.24,11.72,48.99,75.0,100.0,5.82,DE,1603212406.0
kropotkin,45.44,40.58,57.0,47.0,2.0,5.3,RU,1603212406.0
lebanon,36.21,-86.29,75.0,64.0,40.0,10.29,US,1603212406.0
costinesti,43.95,28.63,57.2,50.0,20.0,3.36,RO,1603212406.0
soyo,-6.13,12.37,77.81,78.0,91.0,9.17,AO,1603212407.0
shitanjing,39.23,106.34,38.7,51.0,0.0,6.8,CN,1603212407.0
pimentel,-6.84,-79.93,75.2,57.0,14.0,11.41,PE,1603212407.0
avarua,-21.21,-159.78,73.4,100.0,24.0,2.24,CK,1603212407.0
provideniya,64.38,-173.3,38.79,95.0,85.0,10.54,RU,1603212407.0
madison,34.73,-86.57,75.0,68.0,90.0,6.93,US,1603212407.0
fare,-16.7,-151.02,78.96,81.0,48.0,17.83,PF,1603212407.0
walvis bay,-22.96,14.51,62.01,79.0,0.0,1.01,NA,1603212407.0
wellington,-41.29,174.78,50.0,87.0,100.0,5.82,NZ,1603212124.0
nassau,40.75,-73.58,66.99,93.0,90.0,3.36,US,1603212204.0
dores do indaia,-19.46,-45.6,65.12,95.0,100.0,4.54,BR,1603212408.0
talnakh,69.49,88.4,10.4,85.0,75.0,4.47,RU,1603212408.0
providencia,28.72,-111.58,89.01,17.0,5.0,4.7,MX,1603212408.0
jamestown,42.1,-79.24,48.99,93.0,90.0,8.05,US,1603212408.0
la reforma,25.08,-108.05,91.0,66.0,0.0,1.99,MX,1603212408.0
bredasdorp,-34.53,20.04,62.6,55.0,0.0,13.87,ZA,1603212231.0
shizukuishi,39.68,140.98,43.86,74.0,0.0,1.34,JP,1603212408.0
carnarvon,-24.87,113.63,68.0,72.0,0.0,17.22,AU,1603212409.0
phalaborwa,-23.94,31.14,93.2,23.0,0.0,3.36,ZA,1603212409.0
carutapera,-1.2,-46.02,88.39,56.0,100.0,12.57,BR,1603212409.0
tabas,33.6,56.92,73.4,10.0,0.0,6.93,IR,1603212409.0
karratha,-20.74,116.85,68.56,83.0,23.0,12.37,AU,1603212358.0
khatanga,71.97,102.5,7.47,95.0,85.0,8.14,RU,1603212409.0
yichang,30.71,111.28,55.99,79.0,83.0,1.01,CN,1603212409.0
touros,-5.2,-35.46,86.0,55.0,40.0,16.11,BR,1603212409.0
ahipara,-35.17,173.17,56.84,81.0,98.0,4.63,NZ,1603212409.0
hasaki,35.73,140.83,53.6,93.0,20.0,9.17,JP,1603212158.0
los llanos de aridane,28.66,-17.92,80.6,61.0,40.0,17.22,ES,1603212410.0
paramonga,-10.67,-77.83,69.64,64.0,13.0,10.22,PE,1603212410.0
saint george,37.1,-113.58,59.0,21.0,1.0,3.36,US,1603212373.0
pauini,-7.71,-66.98,98.94,34.0,50.0,3.33,BR,1603212410.0
baykit,61.67,96.37,22.62,95.0,89.0,1.36,RU,1603212410.0
shagonar,51.53,92.8,31.21,89.0,65.0,2.35,RU,1603212410.0
yulara,-25.24,130.99,71.6,56.0,0.0,8.05,AU,1603212410.0
tuensang,26.28,94.83,66.6,84.0,30.0,3.51,IN,1603212415.0
ambon,-3.7,128.18,84.0,87.0,85.0,2.62,ID,1603212415.0
ixtapa,20.7,-105.2,87.01,66.0,5.0,2.33,MX,1603212415.0
ciudad bolivar,8.12,-63.55,94.33,45.0,51.0,7.63,VE,1603212416.0
omsukchan,62.53,155.8,17.31,95.0,100.0,2.3,RU,1603212416.0
esperance,-33.87,121.9,59.0,100.0,90.0,12.75,AU,1603212416.0
te anau,-45.42,167.72,33.53,92.0,16.0,1.21,NZ,1603212416.0
longyearbyen,78.22,15.64,23.0,79.0,41.0,3.36,SJ,1603212139.0
chapais,49.78,-74.85,37.4,59.0,1.0,6.93,CA,1603212416.0
iskateley,67.68,53.15,27.0,99.0,100.0,5.68,RU,1603212416.0
los alamos,35.89,-106.31,64.0,15.0,1.0,5.82,US,1603212416.0
alyangula,-13.85,136.42,77.0,94.0,13.0,4.7,AU,1603212417.0
dingle,11.0,122.67,77.11,85.0,100.0,9.1,PH,1603212417.0
fort wellington,6.4,-57.6,87.76,61.0,100.0,10.33,GY,1603212417.0
lithakia,37.72,20.83,69.8,60.0,20.0,4.7,GR,1603212417.0
vao,-22.67,167.48,72.81,79.0,25.0,17.27,NC,1603212417.0
baghdad,33.34,44.4,82.4,24.0,0.0,9.17,IQ,1603212365.0
usakos,-22.0,15.6,75.63,23.0,0.0,12.37,NA,1603212417.0
tombouctou,20.0,-3.0,94.89,11.0,0.0,7.29,ML,1603212417.0
pacific grove,36.62,-121.92,55.4,87.0,75.0,3.36,US,1603212417.0
moroni,-11.7,43.26,78.13,76.0,12.0,6.55,KM,1603212417.0
orel,52.97,36.08,37.81,79.0,77.0,12.37,RU,1603212418.0
campos do jordao,-22.74,-45.59,78.01,64.0,36.0,1.99,BR,1603212418.0
conceicao do araguaia,-8.26,-49.26,100.18,29.0,97.0,1.74,BR,1603212418.0
belvedere marittimo,39.62,15.86,62.58,63.0,17.0,2.08,IT,1603212418.0
hirara,24.8,125.28,80.65,81.0,100.0,24.94,JP,1603212418.0
aklavik,68.22,-135.01,23.0,79.0,90.0,16.11,CA,1603212359.0
port said,31.26,32.28,80.6,78.0,20.0,13.87,EG,1603212418.0
turkistan,43.0,68.0,54.19,37.0,0.0,5.53,KZ,1603212418.0
bathsheba,13.22,-59.52,87.8,70.0,75.0,11.41,BB,1603212419.0
potam,27.6,-110.38,84.2,66.0,5.0,10.29,MX,1603212419.0
ginir,7.13,40.7,59.05,71.0,39.0,2.46,ET,1603212404.0
ancud,-41.87,-73.82,51.8,43.0,0.0,8.05,CL,1603212419.0
luba,3.46,8.55,78.8,100.0,75.0,6.93,GQ,1603212419.0
mar del plata,-38.0,-57.56,59.0,38.0,98.0,12.75,AR,1603212160.0
saint-philippe,-21.36,55.77,73.4,78.0,38.0,5.82,RE,1603212419.0
la ronge,55.1,-105.28,24.8,68.0,90.0,3.36,CA,1603212419.0
port charlotte,26.98,-82.09,82.99,74.0,20.0,13.87,US,1603212384.0
abha,18.22,42.51,68.0,10.0,1.0,11.41,SA,1603212420.0
metu,8.3,35.58,59.76,96.0,25.0,1.68,ET,1603212420.0
conceicao da barra,-18.59,-39.73,79.48,62.0,100.0,7.4,BR,1603212420.0
katherine,-14.47,132.27,84.2,58.0,5.0,8.05,AU,1603212420.0
praia da vitoria,38.73,-27.07,66.0,63.0,40.0,26.22,PT,1603212420.0
bayangol,50.7,103.47,21.43,79.0,41.0,1.83,RU,1603212420.0
luwuk,-0.95,122.79,76.66,63.0,79.0,5.86,ID,1603212420.0
lavrentiya,65.58,-171.0,35.6,90.0,39.0,10.63,RU,1603212420.0
vyazma,55.21,34.3,33.96,90.0,77.0,9.44,RU,1603212420.0
dzhebariki-khaya,62.22,135.8,16.83,96.0,100.0,2.95,RU,1603212421.0
darlowo,54.42,16.41,48.0,76.0,100.0,14.16,PL,1603212426.0
cadillac,44.25,-85.4,37.4,86.0,40.0,5.82,US,1603212426.0
saint-augustin,51.23,-58.65,46.08,81.0,100.0,7.7,CA,1603212426.0
binzhou,37.37,118.02,63.0,58.0,100.0,3.0,CN,1603212426.0
sumter,28.71,-82.08,84.0,88.0,90.0,10.29,US,1603212426.0
pangnirtung,66.15,-65.71,28.4,79.0,90.0,9.17,CA,1603212426.0
tulu bolo,8.67,38.22,58.24,50.0,33.0,8.93,ET,1603212426.0
kodiak,57.79,-152.41,42.8,60.0,20.0,5.82,US,1603212426.0
guerrero negro,27.98,-114.06,77.13,62.0,0.0,6.71,MX,1603212426.0
cockburn town,21.46,-71.14,82.76,70.0,8.0,8.99,TC,1603212268.0
fort morgan,40.25,-103.8,51.8,24.0,1.0,5.82,US,1603212427.0
puerto del rosario,28.5,-13.86,82.4,58.0,40.0,17.22,ES,1603212427.0
rundu,-17.93,19.77,87.24,12.0,8.0,6.11,NA,1603212427.0
dudinka,69.41,86.18,10.4,85.0,75.0,4.47,RU,1603212427.0
severo-kurilsk,50.68,156.12,40.01,71.0,30.0,24.4,RU,1603212287.0
fukue,32.69,128.84,70.59,56.0,9.0,9.8,JP,1603212427.0
halle,51.5,12.0,57.0,66.0,94.0,12.75,DE,1603212171.0
fomboni,-12.28,43.74,80.33,72.0,0.0,6.62,KM,1603212427.0
beloha,-25.17,45.05,72.7,61.0,0.0,5.61,MG,1603212428.0
aykhal,66.0,111.5,8.6,92.0,90.0,4.47,RU,1603212428.0
tomigusuku,26.18,127.67,80.6,74.0,75.0,12.75,JP,1603212428.0
paamiut,61.99,-49.67,38.28,95.0,100.0,14.23,GL,1603212428.0
kochinda,21.73,84.35,75.13,71.0,9.0,4.0,IN,1603212428.0
swan hill,-35.34,143.55,51.48,77.0,61.0,4.12,AU,1603212428.0
auki,-8.77,160.7,77.77,82.0,76.0,3.65,SB,1603212428.0
pila,53.15,16.74,49.12,77.0,100.0,8.1,PL,1603212428.0
port hardy,50.7,-127.42,46.4,93.0,75.0,4.7,CA,1603212428.0
svay rieng,11.09,105.8,79.43,85.0,99.0,6.82,KH,1603212428.0
capreol,46.71,-80.92,45.0,64.0,75.0,8.05,CA,1603212429.0
nouadhibou,20.93,-17.03,84.2,48.0,44.0,17.22,MR,1603212429.0
stornoway,58.21,-6.39,50.0,100.0,75.0,25.28,GB,1603212429.0
samarai,-10.62,150.67,78.58,86.0,55.0,8.34,PG,1603212429.0
dolinsk,47.35,142.8,24.8,85.0,0.0,2.24,RU,1603212429.0
taltal,-25.4,-70.48,67.23,51.0,16.0,4.76,CL,1603212429.0
kaseda,31.42,130.32,66.63,70.0,0.0,14.72,JP,1603212429.0
contamana,-7.33,-75.02,98.69,30.0,50.0,4.72,PE,1603212429.0
marysville,48.05,-122.18,50.0,93.0,90.0,2.77,US,1603212157.0
bengkulu,-3.8,102.27,76.77,83.0,96.0,4.36,ID,1603212430.0
kuytun,54.34,101.5,28.31,98.0,100.0,8.66,RU,1603212430.0
donskoye,45.46,41.97,48.2,76.0,21.0,4.47,RU,1603212430.0
boralday,43.36,76.86,48.2,39.0,0.0,4.47,KZ,1603212430.0
wailuku,20.89,-156.5,70.0,77.0,20.0,4.7,US,1603212430.0
yinchuan,38.47,106.27,46.98,39.0,0.0,7.2,CN,1603212430.0
faanui,-16.48,-151.75,78.64,82.0,79.0,15.82,PF,1603212430.0
punta alta,-38.88,-62.07,67.39,28.0,89.0,11.5,AR,1603212430.0
takoradi,4.88,-1.76,79.34,85.0,79.0,11.52,GH,1603212430.0
hithadhoo,-0.6,73.08,83.14,76.0,77.0,10.85,MV,1603212139.0
sao gabriel da cachoeira,-0.13,-67.09,95.09,45.0,73.0,2.57,BR,1603212436.0
wilmington,34.23,-77.94,79.0,74.0,40.0,3.36,US,1603212436.0
east london,-33.02,27.91,62.6,67.0,36.0,25.28,ZA,1603212436.0
christchurch,-43.53,172.63,53.01,81.0,99.0,11.41,NZ,1603212188.0
roald,62.58,6.13,41.0,86.0,75.0,9.17,NO,1603212436.0
upernavik,72.79,-56.15,33.31,87.0,100.0,6.78,GL,1603212436.0
kieta,-6.22,155.63,78.69,80.0,56.0,3.67,PG,1603212436.0
bam,29.11,58.36,63.37,19.0,0.0,8.79,IR,1603212436.0
sabinopolis,-18.67,-43.08,62.94,95.0,100.0,1.83,BR,1603212437.0
aleysk,52.49,82.78,40.66,65.0,5.0,8.9,RU,1603212437.0
fortuna,40.6,-124.16,51.8,93.0,1.0,4.43,US,1603212437.0
port lincoln,-34.73,135.87,58.28,83.0,93.0,10.56,AU,1603212353.0
kamalpur,24.2,91.83,74.98,96.0,2.0,2.64,IN,1603212437.0
savannah bight,16.45,-85.85,82.17,78.0,86.0,18.34,HN,1603212437.0
mashhad,36.3,59.61,64.4,25.0,0.0,6.93,IR,1603212275.0
nizwa,22.93,57.53,75.15,19.0,0.0,2.08,OM,1603212437.0
kulhudhuffushi,6.62,73.07,82.24,80.0,59.0,11.68,MV,1603212437.0
wencheng,33.06,113.8,58.78,62.0,47.0,6.35,CN,1603212438.0
matara,5.95,80.54,78.64,87.0,5.0,9.66,LK,1603212438.0
half moon bay,37.46,-122.43,68.0,82.0,5.0,3.36,US,1603212438.0
katsuura,35.13,140.3,60.8,77.0,40.0,12.75,JP,1603212238.0
cidreira,-30.18,-50.21,74.21,72.0,0.0,13.18,BR,1603212438.0
uzyn,49.83,30.41,46.0,75.0,100.0,4.47,UA,1603212438.0
imbituba,-28.24,-48.67,82.4,61.0,20.0,18.34,BR,1603212416.0
lorengau,-2.02,147.27,80.96,70.0,91.0,3.47,PG,1603212438.0
araouane,18.9,-3.53,95.25,10.0,0.0,9.48,ML,1603212438.0
pevek,69.7,170.31,31.21,94.0,92.0,20.56,RU,1603212438.0
santa isabel do rio negro,-0.41,-65.02,96.19,43.0,70.0,3.96,BR,1603212438.0
lata,40.16,-8.33,61.0,93.0,100.0,4.16,PT,1603212439.0
yurginskoye,56.82,67.39,43.38,90.0,100.0,7.05,RU,1603212439.0
san bartolome de tirajana,27.92,-15.57,89.6,49.0,40.0,13.87,ES,1603212439.0
nuuk,64.18,-51.72,35.6,100.0,90.0,13.87,GL,1603212439.0
weiz,47.22,15.62,48.0,94.0,85.0,1.34,AT,1603212439.0
ipixuna,-1.76,-48.8,86.0,74.0,75.0,9.17,BR,1603212439.0
gornji milanovac,44.03,20.45,51.8,66.0,0.0,2.24,RS,1603212439.0
ejido,8.55,-71.24,82.2,41.0,100.0,5.39,VE,1603212439.0
genhe,50.78,121.52,33.22,90.0,60.0,3.15,CN,1603212440.0
margate,51.38,1.39,60.01,81.0,100.0,4.0,GB,1603212440.0
haines junction,60.75,-137.51,24.82,90.0,100.0,3.13,CA,1603212440.0
buala,-8.14,159.59,80.29,78.0,76.0,3.4,SB,1603212440.0
lagoa,39.05,-27.98,63.46,67.0,13.0,28.05,PT,1603212440.0
nosy varika,-20.58,48.53,72.75,84.0,1.0,7.05,MG,1603212440.0
zabol,32.25,67.25,47.37,37.0,0.0,8.48,AF,1603212440.0
cayenne,4.93,-52.33,91.4,49.0,40.0,11.41,GF,1603212440.0
tura,25.52,90.22,73.65,85.0,4.0,3.51,IN,1603212440.0
kalmunai,7.42,81.82,81.41,80.0,6.0,4.18,LK,1603212440.0
mollendo,-17.02,-72.01,66.43,67.0,55.0,9.53,PE,1603212441.0
consett,54.85,-1.83,59.0,78.0,91.0,9.66,GB,1603212441.0
muzhi,65.37,64.67,21.9,98.0,97.0,3.24,RU,1603212441.0
pichayevo,53.24,42.2,39.94,72.0,100.0,10.58,RU,1603212446.0
arman,59.7,150.17,27.68,83.0,5.0,5.5,RU,1603212356.0
makokou,0.57,12.86,70.83,94.0,98.0,2.15,GA,1603212446.0
phetchaburi,12.97,99.58,73.04,90.0,100.0,3.27,TH,1603212446.0
saint-francois,46.42,3.91,60.8,63.0,100.0,18.34,FR,1603212447.0
rongcheng,30.63,117.85,59.67,86.0,99.0,3.24,CN,1603212447.0
superior,46.72,-92.1,37.4,64.0,75.0,8.05,US,1603212447.0
bambous virieux,-20.34,57.76,75.99,73.0,40.0,12.75,MU,1603212447.0
pisco,-13.7,-76.22,66.2,72.0,20.0,10.29,PE,1603212447.0
muhos,64.81,25.99,32.0,97.0,90.0,3.36,FI,1603212448.0
liverpool,53.41,-2.98,61.0,67.0,40.0,19.46,GB,1603212448.0
ilabaya,-17.42,-70.51,75.36,28.0,4.0,10.87,PE,1603212448.0
isangel,-19.55,169.27,73.69,79.0,42.0,10.25,VU,1603212448.0
komsomolskiy,40.43,71.72,57.2,54.0,0.0,6.93,UZ,1603212448.0
sola,-13.88,167.55,80.46,78.0,100.0,16.64,VU,1603212448.0
rengasdengklok,-6.16,107.3,80.01,94.0,20.0,3.36,ID,1603212448.0
coahuayana,18.73,-103.68,80.6,74.0,5.0,3.18,MX,1603212448.0
mogadishu,2.04,45.34,79.52,82.0,1.0,16.13,SO,1603212329.0
vendychany,48.61,27.79,47.05,61.0,27.0,2.64,UA,1603212449.0
livadiya,42.87,132.68,52.7,84.0,0.0,3.71,RU,1603212449.0
pagudpud,18.56,120.79,80.94,87.0,100.0,29.91,PH,1603212449.0
nome,64.5,-165.41,30.2,86.0,75.0,3.98,US,1603212236.0
cabo san lucas,22.89,-109.91,90.0,48.0,5.0,3.36,MX,1603212208.0
meulaboh,4.14,96.13,78.17,85.0,42.0,4.0,ID,1603212449.0
gat,31.61,34.76,81.0,72.0,0.0,8.55,IL,1603212302.0
itapora,-22.08,-54.79,92.5,36.0,27.0,3.0,BR,1603212449.0
cortez,37.35,-108.59,66.99,30.0,1.0,5.35,US,1603212449.0
ruyigi,-3.45,30.32,63.82,94.0,100.0,2.64,BI,1603212449.0
le port,-20.94,55.29,75.2,73.0,30.0,12.75,RE,1603212450.0
egvekinot,66.32,-179.17,33.84,100.0,100.0,8.39,RU,1603212450.0
sitrah,26.15,50.62,86.0,45.0,0.0,5.82,BH,1603212450.0
sydney,-33.87,151.21,62.6,82.0,20.0,5.82,AU,1603212303.0
palu,-0.89,119.87,77.05,80.0,100.0,2.13,ID,1603212450.0
carman,49.5,-98.0,34.0,68.0,90.0,11.41,CA,1603212450.0
kahului,20.89,-156.47,70.0,77.0,20.0,4.7,US,1603212238.0
garowe,8.41,48.48,86.88,36.0,0.0,1.12,SO,1603212450.0
skibotn,69.39,20.27,30.2,80.0,0.0,17.22,NO,1603212450.0
gabu,12.28,-14.22,94.48,49.0,38.0,2.64,GW,1603212450.0
saint andrews,34.05,-81.13,75.99,64.0,75.0,3.36,US,1603212320.0
florianopolis,-27.61,-48.5,82.99,61.0,20.0,18.34,BR,1603212219.0
airai,-8.93,125.41,61.3,76.0,100.0,1.99,TL,1603212451.0
vestmannaeyjar,63.44,-20.27,37.4,74.0,26.0,6.93,IS,1603212451.0
baruun-urt,46.68,113.28,26.94,91.0,89.0,17.38,MN,1603212451.0
souillac,-20.52,57.52,75.2,73.0,40.0,12.75,MU,1603212451.0
roma,43.21,-75.46,53.6,93.0,90.0,9.17,US,1603212273.0
tocopilla,-22.09,-70.2,67.42,49.0,8.0,4.63,CL,1603212451.0
buraydah,26.33,43.98,80.6,19.0,0.0,5.82,SA,1603212447.0
talaya,61.38,152.75,14.43,92.0,26.0,1.48,RU,1603212457.0
barra,-11.09,-43.14,92.41,34.0,71.0,7.49,BR,1603212457.0
faya,18.39,42.45,68.0,10.0,0.0,11.41,SA,1603212457.0
tiksi,71.69,128.87,12.11,93.0,100.0,15.88,RU,1603212457.0
krasnoarmeysk,51.02,45.7,46.0,22.0,0.0,5.99,RU,1603212457.0
abu dhabi,24.47,54.37,84.2,58.0,0.0,5.82,AE,1603212273.0
taketa,32.97,131.38,59.0,58.0,1.0,5.99,JP,1603212457.0
shimoda,34.67,138.95,55.99,80.0,5.0,1.99,JP,1603212457.0
tabou,4.42,-7.35,79.32,78.0,95.0,8.12,CI,1603212457.0
conde,-7.26,-34.91,86.0,55.0,40.0,16.11,BR,1603212458.0
vila do maio,15.13,-23.22,91.4,52.0,100.0,12.75,CV,1603212458.0
shiraoi,42.55,141.35,41.0,93.0,0.0,4.56,JP,1603212458.0
lesnoy,57.62,63.08,36.97,88.0,54.0,9.53,RU,1603212458.0
niksic,42.77,18.94,62.6,76.0,0.0,0.96,ME,1603212458.0
bara,10.37,10.73,95.0,28.0,20.0,4.7,NG,1603212458.0
jalu,29.03,21.55,77.16,45.0,0.0,8.79,LY,1603212458.0
venezuela,8.0,-66.0,91.42,53.0,47.0,9.01,VE,1603212388.0
pressbaum,48.18,16.05,53.6,71.0,100.0,19.46,AT,1603212458.0
plettenberg bay,-34.05,23.37,58.95,69.0,25.0,4.34,ZA,1603212458.0
gacko,43.17,18.54,60.8,48.0,0.0,5.82,BA,1603212458.0
mareeba,-17.0,145.43,71.6,88.0,18.0,1.12,AU,1603212459.0
iqaluit,63.75,-68.51,30.2,74.0,90.0,2.24,CA,1603212386.0
codrington,-38.27,141.97,46.47,89.0,100.0,3.33,AU,1603212459.0
tromso,69.65,18.96,26.6,79.0,0.0,6.93,NO,1603212459.0
dubrovnik,42.65,18.09,62.6,48.0,0.0,2.24,HR,1603212459.0
gresik,-7.15,112.66,81.1,74.0,37.0,3.02,ID,1603212459.0
alpena,45.06,-83.43,46.0,52.0,20.0,3.36,US,1603212389.0
kampene,-3.6,26.67,69.17,95.0,99.0,2.62,CD,1603212460.0
temiscaming,46.72,-79.1,43.0,86.0,90.0,4.7,CA,1603212460.0
wagar,16.15,36.2,89.65,15.0,0.0,11.77,SD,1603212460.0
xihua,33.78,114.52,59.07,58.0,73.0,6.82,CN,1603212460.0
hofn,64.25,-15.21,37.69,72.0,3.0,1.61,IS,1603212460.0
mackenzie,55.3,-123.17,26.6,100.0,1.0,2.24,CA,1603212303.0
barao de melgaco,-16.19,-55.97,91.4,46.0,96.0,4.7,BR,1603212460.0
tahe,52.33,124.73,34.2,90.0,90.0,2.95,CN,1603212460.0
bundaberg,-24.85,152.35,68.0,77.0,75.0,4.7,AU,1603212460.0
sao jose da coroa grande,-8.9,-35.15,81.18,66.0,41.0,11.27,BR,1603212461.0
sandy point,-38.82,146.1,53.01,81.0,100.0,1.1,AU,1603212461.0
flin flon,54.77,-101.86,28.4,58.0,90.0,2.3,CA,1603212239.0
vaitape,-16.52,-151.75,79.48,81.0,80.0,15.7,PF,1603212461.0
yarim,14.3,44.38,56.48,37.0,0.0,10.04,YE,1603212461.0
novosokolniki,56.35,30.16,36.82,81.0,86.0,5.26,RU,1603212461.0
riyadh,24.69,46.72,80.6,14.0,0.0,6.93,SA,1603212461.0
matamoros,25.53,-103.25,75.2,25.0,5.0,4.47,MX,1603212466.0
sapele,5.89,5.68,79.68,87.0,97.0,5.53,NG,1603212466.0
kamenka,51.32,42.77,41.99,65.0,55.0,9.19,RU,1603212466.0
rosetown,51.55,-108.0,26.01,83.0,97.0,1.99,CA,1603212467.0
albanel,48.88,-72.45,33.8,100.0,90.0,6.93,CA,1603212467.0
nouakchott,18.09,-15.98,105.8,12.0,0.0,14.99,MR,1603212467.0
de aar,-30.65,24.01,65.35,24.0,0.0,12.15,ZA,1603212467.0
valparaiso,-33.04,-71.63,75.2,25.0,0.0,16.11,CL,1603212346.0
axim,4.87,-2.24,79.05,83.0,68.0,11.21,GH,1603212467.0
vila velha,-20.33,-40.29,77.0,88.0,90.0,4.7,BR,1603212467.0
san francisco,37.77,-122.42,69.01,72.0,20.0,0.36,US,1603212423.0
tuscaloosa,33.21,-87.57,80.01,57.0,1.0,6.93,US,1603212467.0
zhob,31.34,69.45,60.69,24.0,0.0,2.89,PK,1603212467.0
le creusot,46.81,4.42,60.8,63.0,100.0,18.34,FR,1603212467.0
flinders,-34.58,150.86,61.0,86.0,28.0,6.13,AU,1603212468.0
porbandar,21.64,69.61,84.18,78.0,5.0,9.89,IN,1603212468.0
zhigansk,66.77,123.37,15.42,96.0,100.0,8.16,RU,1603212468.0
panlaitan,12.12,119.85,82.63,79.0,100.0,17.05,PH,1603212468.0
santa comba,43.03,-8.81,62.01,84.0,100.0,3.83,ES,1603212468.0
santa fe,-31.63,-60.7,59.34,88.0,100.0,14.67,AR,1603212268.0
ndele,8.41,20.65,78.12,68.0,0.0,1.61,CF,1603212468.0
hushitai,41.93,123.51,60.8,36.0,100.0,8.95,CN,1603212468.0
san alberto,7.76,-73.39,85.12,65.0,78.0,4.09,CO,1603212469.0
madimba,-10.4,40.33,78.8,74.0,20.0,5.82,TZ,1603212469.0
itacoatiara,-3.14,-58.44,100.24,30.0,58.0,4.7,BR,1603212469.0
cumberland,35.05,-78.87,77.0,65.0,1.0,8.05,US,1603212469.0
hansot,21.58,72.8,82.89,80.0,26.0,9.04,IN,1603212469.0
ouallam,14.32,2.09,100.62,14.0,3.0,5.99,NE,1603212469.0
sept-iles,50.2,-66.38,43.0,100.0,90.0,9.17,CA,1603212199.0
bereda,43.27,-7.54,57.0,98.0,100.0,1.99,ES,1603212469.0
amos,48.57,-78.12,35.6,100.0,90.0,8.05,CA,1603212469.0
nalut,30.33,10.85,70.3,25.0,2.0,9.66,LY,1603212470.0
kamaishi,39.27,141.88,52.52,65.0,0.0,4.05,JP,1603212470.0
wuwei,37.93,102.64,50.0,37.0,0.0,4.74,CN,1603212470.0
poum,-20.23,164.02,74.26,70.0,0.0,6.53,NC,1603212470.0
ribas do rio pardo,-20.44,-53.76,93.13,35.0,43.0,9.24,BR,1603212470.0
wasilla,61.58,-149.44,24.8,92.0,1.0,1.05,US,1603212470.0
bar harbor,44.39,-68.2,61.0,82.0,75.0,12.75,US,1603212471.0
pontianak,-0.03,109.33,77.61,86.0,81.0,2.19,ID,1603212471.0
nanga eboko,4.68,12.37,73.42,88.0,26.0,2.57,CM,1603212471.0
anqing,30.51,117.05,61.16,75.0,100.0,2.19,CN,1603212462.0
peterhead,57.51,-1.8,53.6,87.0,80.0,3.36,GB,1603212471.0
quimper,48.0,-4.1,60.8,82.0,100.0,9.17,FR,1603212471.0
uray,60.12,64.78,35.37,93.0,100.0,7.31,RU,1603212471.0
qaqortoq,60.72,-46.03,35.6,93.0,75.0,1.12,GL,1603212471.0
casaluce,41.0,14.2,66.2,63.0,20.0,5.7,IT,1603212471.0
kristinehamn,59.31,14.11,44.6,100.0,100.0,8.05,SE,1603212476.0
wanxian,30.8,108.39,59.67,78.0,98.0,4.16,CN,1603212476.0
kaeo,-35.1,173.78,53.01,93.0,56.0,1.25,NZ,1603212477.0
ivolginsk,51.75,107.28,26.6,68.0,75.0,6.71,RU,1603212477.0
lahaina,20.88,-156.68,70.0,77.0,20.0,4.7,US,1603212477.0
hokitika,-42.72,170.97,43.95,86.0,15.0,3.18,NZ,1603212477.0
simav,39.09,28.98,64.0,63.0,63.0,11.99,TR,1603212477.0
salalah,17.02,54.09,86.0,45.0,66.0,2.24,OM,1603212477.0
shingu,33.73,135.98,61.59,71.0,30.0,7.87,JP,1603212477.0
udachnyy,66.42,112.4,8.6,92.0,90.0,4.47,RU,1603212477.0
ulladulla,-35.35,150.47,51.8,100.0,90.0,3.87,AU,1603212477.0
bambanglipuro,-7.95,110.28,78.98,84.0,97.0,3.13,ID,1603212323.0
coquimbo,-29.95,-71.34,62.6,63.0,0.0,16.11,CL,1603212478.0
vanimo,-2.67,141.3,78.58,79.0,100.0,1.39,PG,1603212478.0
gilgit,35.92,74.31,62.4,26.0,0.0,3.65,PK,1603212251.0
tchollire,8.4,14.17,81.01,54.0,0.0,2.46,CM,1603212478.0
alice town,25.72,-79.3,81.3,78.0,97.0,21.32,BS,1603212478.0
corrente,-3.74,-43.34,101.91,23.0,33.0,5.03,BR,1603212478.0
gori,41.98,44.12,56.77,77.0,100.0,6.29,GE,1603212478.0
oranjemund,-28.55,16.43,60.78,72.0,0.0,23.38,NA,1603212478.0
pemangkat,1.17,108.97,79.83,79.0,81.0,3.09,ID,1603212427.0
nikki,9.94,3.21,83.17,56.0,10.0,4.03,BJ,1603212479.0
alta floresta,-9.88,-56.09,94.42,37.0,89.0,2.57,BR,1603212479.0
nishihara,26.18,127.76,80.6,74.0,75.0,12.75,JP,1603212479.0
pangai,-19.8,-174.35,73.08,70.0,72.0,19.57,TO,1603212479.0
kavaratti,10.57,72.64,81.34,74.0,97.0,9.64,IN,1603212479.0
honiara,-9.43,159.95,75.2,88.0,40.0,2.24,SB,1603212479.0
nicoya,10.15,-85.45,84.2,74.0,75.0,10.29,CR,1603212303.0
nakapiripirit,1.92,34.78,74.41,57.0,67.0,5.28,UG,1603212479.0
belaya gora,68.53,146.42,5.25,92.0,24.0,1.99,RU,1603212479.0
tadine,-21.55,167.88,72.07,83.0,6.0,12.66,NC,1603212479.0
stromness,58.97,-3.3,50.0,93.0,90.0,19.46,GB,1603212480.0
yerbogachen,61.28,108.01,20.98,97.0,100.0,7.49,RU,1603212480.0
uyuni,-20.46,-66.83,63.36,26.0,0.0,10.67,BO,1603212480.0
san cristobal,7.77,-72.22,89.6,49.0,40.0,6.93,VE,1603212345.0
bolitoc,15.74,119.88,77.61,89.0,100.0,8.14,PH,1603212480.0
ilhabela,-23.78,-45.36,77.68,73.0,9.0,4.5,BR,1603212480.0
padang,-0.95,100.35,79.57,75.0,69.0,4.32,ID,1603212262.0
tunceli,39.11,39.55,62.6,72.0,75.0,6.93,TR,1603212386.0
klyuchevskiy,53.53,119.45,28.4,98.0,100.0,4.47,RU,1603212480.0
chunskiy,56.08,99.63,31.68,98.0,100.0,6.26,RU,1603212480.0
funehiki,37.43,140.58,46.99,71.0,3.0,2.26,JP,1603212481.0
tutoia,-2.76,-42.27,86.14,60.0,55.0,16.6,BR,1603212481.0
lumeje,-11.55,20.78,81.39,27.0,22.0,5.01,AO,1603212481.0
sovetskiy,61.36,63.58,32.9,96.0,100.0,6.46,RU,1603212481.0
viedma,-40.81,-63.0,73.0,23.0,13.0,4.0,AR,1603212481.0
milton,34.13,-84.3,75.0,71.0,3.0,1.01,US,1603212486.0
san jose,37.34,-121.89,72.0,72.0,20.0,0.94,US,1603212430.0
nemuro,43.32,145.57,49.3,66.0,46.0,4.94,JP,1603212486.0
san isidro,-12.12,-77.05,66.0,88.0,90.0,8.05,PE,1603212486.0
martapura,-3.42,114.85,74.53,83.0,81.0,1.36,ID,1603212486.0
tigil,57.8,158.67,31.8,96.0,100.0,2.48,RU,1603212486.0
paita,-5.09,-81.11,75.2,69.0,0.0,14.99,PE,1603212487.0
yuza,39.0,139.92,51.85,66.0,0.0,6.24,JP,1603212487.0
quesnel,53.0,-122.5,33.8,100.0,90.0,2.44,CA,1603212487.0
dzilam gonzalez,21.28,-88.93,81.09,87.0,1.0,5.93,MX,1603212487.0
chumikan,54.72,135.31,32.68,89.0,100.0,5.53,RU,1603212487.0
karaton,-6.34,106.1,80.01,83.0,20.0,3.36,ID,1603212487.0
verkhnevilyuysk,63.45,120.32,16.52,97.0,43.0,3.8,RU,1603212487.0
batsfjord,70.63,29.72,32.0,87.0,75.0,2.24,NO,1603212487.0
atar,20.52,-13.05,96.8,17.0,4.0,13.56,MR,1603212487.0
tarakan,3.3,117.63,80.76,80.0,76.0,3.83,ID,1603212369.0
mandalgovi,45.76,106.27,19.98,81.0,0.0,11.45,MN,1603212488.0
sarai sidhu,30.59,71.97,78.8,54.0,0.0,6.96,PK,1603212488.0
oktyabrskiy,54.48,53.47,38.25,75.0,1.0,5.97,RU,1603212488.0
madera,37.17,-119.83,73.0,67.0,1.0,5.82,US,1603212488.0
quatre cocos,-20.21,57.76,75.99,73.0,40.0,12.75,MU,1603212488.0
macheng,31.18,115.03,56.91,85.0,100.0,3.87,CN,1603212488.0
greencastle,39.64,-86.86,52.0,93.0,90.0,8.25,US,1603212488.0
aksarayskiy,46.79,48.01,55.0,58.0,81.0,6.71,RU,1603212488.0
xining,36.62,101.77,38.59,64.0,0.0,0.27,CN,1603212488.0
thinadhoo,0.53,72.93,83.19,77.0,27.0,11.83,MV,1603212489.0
sayula,19.87,-103.62,80.6,74.0,5.0,2.89,MX,1603212489.0
buchanan,5.88,-10.05,86.0,74.0,75.0,8.05,LR,1603212489.0
hurricane,37.18,-113.29,66.2,19.0,1.0,1.63,US,1603212489.0
ishigaki,24.34,124.16,80.91,81.0,80.0,23.44,JP,1603212489.0
san marcos,33.14,-117.17,69.01,82.0,90.0,4.7,US,1603212328.0
rawson,-43.3,-65.1,57.74,37.0,46.0,14.09,AR,1603212248.0
kamiiso,41.82,140.65,48.31,62.0,0.0,2.82,JP,1603212489.0
mount gambier,-37.83,140.77,44.6,93.0,90.0,4.7,AU,1603212489.0
trebinje,42.71,18.34,62.6,48.0,0.0,2.24,BA,1603212489.0
kudahuvadhoo,2.67,72.89,82.83,79.0,100.0,13.18,MV,1603212489.0
tres arroyos,-38.37,-60.28,65.89,28.0,92.0,6.73,AR,1603212490.0
avera,33.19,-82.53,75.2,69.0,1.0,5.82,US,1603212490.0
batagay,67.63,134.63,9.14,94.0,100.0,3.8,RU,1603212490.0
itupiranga,-5.13,-49.33,93.2,52.0,40.0,4.7,BR,1603212490.0
road town,18.42,-64.62,86.0,70.0,40.0,9.17,VG,1603212490.0
port augusta,-32.5,137.77,62.6,67.0,27.0,8.05,AU,1603212490.0
maragogi,-9.01,-35.22,80.74,68.0,37.0,11.95,BR,1603212310.0
mimongo,-1.62,11.61,72.77,92.0,91.0,2.71,GA,1603212490.0
hambantota,6.12,81.12,80.6,74.0,20.0,5.82,LK,1603212490.0
varnamo,57.19,14.04,48.0,85.0,100.0,5.01,SE,1603212490.0
rupert,42.62,-113.68,53.6,50.0,1.0,18.34,US,1603212491.0
visconde do rio branco,-21.01,-42.84,77.0,49.0,100.0,5.01,BR,1603212491.0
wangkui,46.83,126.5,53.69,57.0,100.0,16.84,CN,1603212491.0
nioki,-2.72,17.68,74.39,94.0,99.0,3.51,CD,1603212491.0
marawi,8.0,124.29,75.99,95.0,100.0,4.0,PH,1603212496.0
morros,-9.45,-46.3,98.96,20.0,87.0,6.4,BR,1603212496.0
tres picos,15.87,-93.53,87.4,56.0,92.0,2.42,MX,1603212496.0
narino,5.61,-75.18,69.8,60.0,75.0,6.93,CO,1603212496.0
delijan,33.99,50.68,61.32,24.0,0.0,4.27,IR,1603212496.0
the valley,18.22,-63.06,84.2,74.0,20.0,6.93,AI,1603212497.0
saint-pierre,-21.34,55.48,73.4,78.0,39.0,5.82,RE,1603212497.0
ibaiti,-23.85,-50.19,79.0,82.0,38.0,3.0,BR,1603212497.0
kihei,20.79,-156.47,70.0,77.0,20.0,4.7,US,1603212497.0
sayyan,15.17,44.32,57.81,33.0,0.0,11.56,YE,1603212497.0
antofagasta,-23.65,-70.4,66.99,67.0,75.0,9.17,CL,1603212320.0
mau,25.95,83.55,77.43,50.0,0.0,4.03,IN,1603212497.0
srednekolymsk,67.45,153.68,17.69,97.0,94.0,3.47,RU,1603212497.0
hornepayne,49.21,-84.77,37.09,69.0,0.0,3.96,CA,1603212497.0
morant bay,17.88,-76.41,86.0,66.0,75.0,21.92,JM,1603212498.0
hengyang,26.89,112.61,55.45,83.0,90.0,8.25,CN,1603212498.0
victoria point,-27.58,153.3,64.0,68.0,68.0,1.01,AU,1603212367.0
biak,-0.91,122.88,76.53,70.0,81.0,7.0,ID,1603212498.0
cozumel,20.51,-86.95,84.2,83.0,75.0,3.36,MX,1603212498.0
comodoro rivadavia,-45.87,-67.5,53.6,46.0,0.0,12.75,AR,1603212301.0
rudbar,30.15,62.6,60.8,27.0,0.0,4.54,AF,1603212498.0
kutum,14.2,24.67,82.54,14.0,8.0,12.73,SD,1603212207.0
